params,quantum_cost,accuracy,f1_score,selected_features,backend,timestamp,quantum_time,mlp_time,total_time
"{'k': 6, 'lambda': 0.5, 'mu': 0.3, 'gamma': 0.05}",15.78531704764532,0.84375,0.8452554178915466,"Power_factor,Va_rollstd,dIa_dt,is_zero_Iref,Ia_rollstd,dVa_dt",ibm_sherbrooke,2025-06-22T02:54:06.375595,145.2049901485443,26.824395179748535,195.16041111946106
"{'k': 6, 'lambda': 0.5, 'mu': 0.3, 'gamma': 0.1}",31.534458488697613,0.84375,0.8452554178915466,"Power_factor,Va_rollstd,dIa_dt,is_zero_Iref,Ia_rollstd,dVa_dt",ibm_sherbrooke,2025-06-22T02:57:14.181168,140.05336332321167,27.167508602142334,187.8007049560547
"{'k': 6, 'lambda': 0.5, 'mu': 0.3, 'gamma': 0.15}",47.10986980383492,0.84375,0.8452554178915466,"Power_factor,Va_rollstd,dIa_dt,is_zero_Iref,Ia_rollstd,dVa_dt",ibm_sherbrooke,2025-06-22T05:11:20.954083,146.71739840507507,25.15002703666687,189.89870715141296
"{'k': 6, 'lambda': 0.5, 'mu': 0.5, 'gamma': 0.05}",15.667936514600047,0.84375,0.8452554178915466,"Power_factor,Va_rollstd,dIa_dt,is_zero_Iref,Ia_rollstd,dVa_dt",ibm_sherbrooke,2025-06-22T05:14:35.391767,141.3687572479248,30.278827667236328,194.43519401550293
"{'k': 6, 'lambda': 0.5, 'mu': 0.5, 'gamma': 0.1}",31.528055344503333,0.84375,0.8452554178915466,"Power_factor,Va_rollstd,dIa_dt,is_zero_Iref,Ia_rollstd,dVa_dt",ibm_sherbrooke,2025-06-22T05:17:45.086959,139.26809358596802,26.114405632019043,189.69172143936157
"{'k': 6, 'lambda': 0.5, 'mu': 0.5, 'gamma': 0.15}",47.08122143134499,0.84375,0.8452554178915466,"Power_factor,Va_rollstd,dIa_dt,is_zero_Iref,Ia_rollstd,dVa_dt",ibm_sherbrooke,2025-06-22T05:21:00.488909,144.40830183029175,23.8775417804718,195.3999147415161
"{'k': 6, 'lambda': 0.5, 'mu': 0.7, 'gamma': 0.05}",14.441056253511045,0.84375,0.8452554178915466,"Power_factor,Va_rollstd,dIa_dt,is_zero_Iref,Ia_rollstd,dVa_dt",ibm_brisbane,2025-06-22T05:24:35.796767,143.27365016937256,21.74313473701477,215.3059058189392
"{'k': 6, 'lambda': 0.5, 'mu': 0.7, 'gamma': 0.1}",31.53106442318125,0.84375,0.8452554178915466,"Power_factor,Va_rollstd,dIa_dt,is_zero_Iref,Ia_rollstd,dVa_dt",ibm_sherbrooke,2025-06-22T05:27:46.620572,139.71998739242554,24.399916410446167,190.82113909721375
"{'k': 6, 'lambda': 0.5, 'mu': 0.7, 'gamma': 0.15}",43.192105264630534,0.84375,0.8452554178915466,"Power_factor,Va_rollstd,dIa_dt,is_zero_Iref,Ia_rollstd,dVa_dt",ibm_brisbane,2025-06-22T05:30:48.166507,139.30301237106323,20.917235851287842,181.54300498962402
"{'k': 6, 'lambda': 1.0, 'mu': 0.3, 'gamma': 0.05}",15.92803384048634,0.896375,0.862293445969575,"Power_factor,Va_rollstd,dIa_dt,is_zero_Iref,Ia_rollstd,dVa_dt",ibm_sherbrooke,2025-06-22T05:32:51.637724,77.51804947853088,21.829554557800293,123.46926093101501
"{'k': 6, 'lambda': 1.0, 'mu': 0.3, 'gamma': 0.1}",31.52654036883177,0.84375,0.8452554178915466,"Power_factor,Va_rollstd,dIa_dt,is_zero_Iref,Ia_rollstd,dVa_dt",ibm_sherbrooke,2025-06-22T05:49:02.343548,142.7245330810547,25.297990083694458,189.8287808895111
"{'k': 6, 'lambda': 1.0, 'mu': 0.3, 'gamma': 0.15}",47.29856965413987,0.84375,0.8452554178915466,"Power_factor,Va_rollstd,dIa_dt,is_zero_Iref,Ia_rollstd,dVa_dt",ibm_sherbrooke,2025-06-22T05:52:18.525080,142.87184739112854,29.215259075164795,196.17910408973694
"{'k': 6, 'lambda': 1.0, 'mu': 0.5, 'gamma': 0.05}",15.699558193300964,0.84375,0.8452554178915466,"Power_factor,Va_rollstd,dIa_dt,is_zero_Iref,Ia_rollstd,dVa_dt",ibm_sherbrooke,2025-06-22T05:56:14.608172,142.84816908836365,32.506540298461914,236.08109664916992
"{'k': 6, 'lambda': 1.0, 'mu': 0.5, 'gamma': 0.1}",31.526956635330198,0.84375,0.8452554178915466,"Power_factor,Va_rollstd,dIa_dt,is_zero_Iref,Ia_rollstd,dVa_dt",ibm_sherbrooke,2025-06-22T05:59:26.573827,141.10191535949707,26.43737554550171,191.96317052841187
"{'k': 6, 'lambda': 1.0, 'mu': 0.5, 'gamma': 0.15}",42.54320023382881,0.84375,0.8452554178915466,"Power_factor,Va_rollstd,dIa_dt,is_zero_Iref,Ia_rollstd,dVa_dt",ibm_brisbane,2025-06-22T06:33:20.667022,1877.8419888019562,136.62653589248657,2034.090265750885
"{'k': 6, 'lambda': 1.0, 'mu': 0.7, 'gamma': 0.05}",1000000.0,0.84375,0.8452554178915466,"Power_factor,Va_rollstd,dIa_dt,is_zero_Iref,Ia_rollstd,dVa_dt",ibm_sherbrooke,2025-06-22T07:07:57.005379,1838.0442485809326,115.00310254096985,1978.8027522563934
"{'k': 6, 'lambda': 1.0, 'mu': 0.7, 'gamma': 0.1}",1000000.0,0.84375,0.8452554178915466,"Power_factor,Va_rollstd,dIa_dt,is_zero_Iref,Ia_rollstd,dVa_dt",ibm_sherbrooke,2025-06-22T07:41:00.690134,1817.8542077541351,139.6335380077362,1983.679321050644
"{'k': 6, 'lambda': 1.0, 'mu': 0.7, 'gamma': 0.15}",1000000.0,0.84375,0.8452554178915466,"Power_factor,Va_rollstd,dIa_dt,is_zero_Iref,Ia_rollstd,dVa_dt",ibm_sherbrooke,2025-06-22T08:16:07.753457,1823.729078054428,137.18535470962524,2107.0591855049133
"{'k': 6, 'lambda': 1.5, 'mu': 0.3, 'gamma': 0.05}",14.310762674021827,0.84375,0.8452554178915466,"Power_factor,Va_rollstd,dIa_dt,is_zero_Iref,Ia_rollstd,dVa_dt",ibm_brisbane,2025-06-22T08:28:54.567205,488.40130066871643,127.33859133720398,766.7977919578552
"{'k': 6, 'lambda': 1.5, 'mu': 0.3, 'gamma': 0.1}",28.49797892943726,0.84375,0.8452554178915466,"Power_factor,Va_rollstd,dIa_dt,is_zero_Iref,Ia_rollstd,dVa_dt",ibm_brisbane,2025-06-22T08:34:24.695998,147.93200874328613,83.89798903465271,330.1227707862854
"{'k': 6, 'lambda': 1.5, 'mu': 0.3, 'gamma': 0.15}",43.20621616602164,0.84375,0.8452554178915466,"Power_factor,Va_rollstd,dIa_dt,is_zero_Iref,Ia_rollstd,dVa_dt",ibm_brisbane,2025-06-22T08:39:01.999780,145.0851640701294,103.37413907051086,277.29923462867737
"{'k': 6, 'lambda': 1.5, 'mu': 0.5, 'gamma': 0.05}",14.518640180138068,0.84375,0.8452554178915466,"Power_factor,Va_rollstd,dIa_dt,is_zero_Iref,Ia_rollstd,dVa_dt",ibm_brisbane,2025-06-22T08:54:38.353346,763.3823664188385,108.68758988380432,936.3485243320465
"{'k': 6, 'lambda': 1.5, 'mu': 0.5, 'gamma': 0.1}",1000000.0,0.84375,0.8452554178915466,"Power_factor,Va_rollstd,dIa_dt,is_zero_Iref,Ia_rollstd,dVa_dt",ibm_brisbane,2025-06-22T09:17:13.466380,943.8584787845612,140.3602216243744,1355.1055450439453
"{'k': 6, 'lambda': 1.5, 'mu': 0.5, 'gamma': 0.15}",1000000.0,0.84375,0.8452554178915466,"Power_factor,Va_rollstd,dIa_dt,is_zero_Iref,Ia_rollstd,dVa_dt",ibm_brisbane,2025-06-22T09:37:06.169825,914.1740036010742,139.01035404205322,1192.6936926841736
"{'k': 6, 'lambda': 1.5, 'mu': 0.7, 'gamma': 0.05}",1000000.0,0.84375,0.8452554178915466,"Power_factor,Va_rollstd,dIa_dt,is_zero_Iref,Ia_rollstd,dVa_dt",ibm_sherbrooke,2025-06-22T10:10:55.157095,1843.1671786308289,136.43811655044556,2028.974195241928
"{'k': 6, 'lambda': 1.5, 'mu': 0.7, 'gamma': 0.1}",1000000.0,0.84375,0.8452554178915466,"Power_factor,Va_rollstd,dIa_dt,is_zero_Iref,Ia_rollstd,dVa_dt",ibm_sherbrooke,2025-06-22T10:46:27.721308,1819.1611232757568,135.8515064716339,2132.5492713451385
"{'k': 6, 'lambda': 1.5, 'mu': 0.7, 'gamma': 0.15}",47.39121340493858,0.84375,0.8452554178915466,"Power_factor,Va_rollstd,dIa_dt,is_zero_Iref,Ia_rollstd,dVa_dt",ibm_sherbrooke,2025-06-22T11:14:28.257454,151.67074060440063,19.966561317443848,254.885888338089
"{'k': 7, 'lambda': 0.5, 'mu': 0.3, 'gamma': 0.05}",13.198654273930883,0.8986875,0.8846051812211781,"Power_factor,Va_rollstd,dIa_dt,is_zero_Iref,Ia_rollstd,dVa_dt,dVb_dt",ibm_sherbrooke,2025-06-22T11:17:43.432491,145.16010236740112,27.603795528411865,195.17095398902893
"{'k': 7, 'lambda': 0.5, 'mu': 0.3, 'gamma': 0.1}",23.712215404226544,0.8986875,0.8846051812211781,"Power_factor,Va_rollstd,dIa_dt,is_zero_Iref,Ia_rollstd,dVa_dt,dVb_dt",ibm_brisbane,2025-06-22T11:21:43.401179,144.77317667007446,36.44592046737671,239.9657597541809
"{'k': 7, 'lambda': 0.5, 'mu': 0.3, 'gamma': 0.15}",39.58153382502777,0.8986875,0.8846051812211781,"Power_factor,Va_rollstd,dIa_dt,is_zero_Iref,Ia_rollstd,dVa_dt,dVb_dt",ibm_sherbrooke,2025-06-22T11:25:11.626741,141.5004243850708,36.276315450668335,208.22262930870056
"{'k': 7, 'lambda': 0.5, 'mu': 0.5, 'gamma': 0.05}",13.270956152444596,0.8986875,0.8846051812211781,"Power_factor,Va_rollstd,dIa_dt,is_zero_Iref,Ia_rollstd,dVa_dt,dVb_dt",ibm_sherbrooke,2025-06-22T11:28:40.448460,140.85621333122253,35.77893662452698,208.8184974193573
"{'k': 7, 'lambda': 0.5, 'mu': 0.5, 'gamma': 0.1}",26.503366386634344,0.8986875,0.8846051812211781,"Power_factor,Va_rollstd,dIa_dt,is_zero_Iref,Ia_rollstd,dVa_dt,dVb_dt",ibm_sherbrooke,2025-06-22T11:32:16.142375,142.53990769386292,27.74918007850647,215.690336227417
"{'k': 7, 'lambda': 0.5, 'mu': 0.5, 'gamma': 0.15}",39.87251696848031,0.8986875,0.8846051812211781,"Power_factor,Va_rollstd,dIa_dt,is_zero_Iref,Ia_rollstd,dVa_dt,dVb_dt",ibm_sherbrooke,2025-06-22T11:35:42.263232,141.63547658920288,37.84247446060181,206.11687350273132
"{'k': 7, 'lambda': 0.5, 'mu': 0.7, 'gamma': 0.05}",13.397398193853107,0.8986875,0.8846051812211781,"Power_factor,Va_rollstd,dIa_dt,is_zero_Iref,Ia_rollstd,dVa_dt,dVb_dt",ibm_sherbrooke,2025-06-22T11:38:17.040954,79.10386157035828,36.58086681365967,154.774254322052
"{'k': 7, 'lambda': 0.5, 'mu': 0.7, 'gamma': 0.1}",1000000.0,0.8986875,0.8846051812211781,"Power_factor,Va_rollstd,dIa_dt,is_zero_Iref,Ia_rollstd,dVa_dt,dVb_dt",ibm_sherbrooke,2025-06-22T11:55:03.381669,913.3708500862122,36.52723002433777,1006.3366854190826
"{'k': 7, 'lambda': 0.5, 'mu': 0.7, 'gamma': 0.15}",1000000.0,0.8986875,0.8846051812211781,"Power_factor,Va_rollstd,dIa_dt,is_zero_Iref,Ia_rollstd,dVa_dt,dVb_dt",ibm_sherbrooke,2025-06-22T12:11:38.889584,913.4687745571136,28.750316619873047,995.5049409866333
"{'k': 7, 'lambda': 1.0, 'mu': 0.3, 'gamma': 0.05}",13.299720498950572,0.8986875,0.8846051812211781,"Power_factor,Va_rollstd,dIa_dt,is_zero_Iref,Ia_rollstd,dVa_dt,dVb_dt",ibm_sherbrooke,2025-06-22T12:29:13.784657,153.8154275417328,28.32516098022461,241.89515137672424
"{'k': 7, 'lambda': 1.0, 'mu': 0.3, 'gamma': 0.1}",24.198263480895033,0.8986875,0.8846051812211781,"Power_factor,Va_rollstd,dIa_dt,is_zero_Iref,Ia_rollstd,dVa_dt,dVb_dt",ibm_brisbane,2025-06-22T12:34:42.484708,269.37319135665894,41.646515130996704,328.69650888442993
"{'k': 7, 'lambda': 1.0, 'mu': 0.3, 'gamma': 0.15}",39.18661425352114,0.8986875,0.8846051812211781,"Power_factor,Va_rollstd,dIa_dt,is_zero_Iref,Ia_rollstd,dVa_dt,dVb_dt",ibm_sherbrooke,2025-06-22T12:38:11.258633,145.24386596679688,41.54729604721069,208.76647019386292
"{'k': 7, 'lambda': 1.0, 'mu': 0.5, 'gamma': 0.05}",13.337764262375742,0.8986875,0.8846051812211781,"Power_factor,Va_rollstd,dIa_dt,is_zero_Iref,Ia_rollstd,dVa_dt,dVb_dt",ibm_sherbrooke,2025-06-22T12:42:29.625400,139.52507615089417,28.621114253997803,258.36231207847595
"{'k': 7, 'lambda': 1.0, 'mu': 0.5, 'gamma': 0.1}",24.0281555631638,0.8986875,0.8846051812211781,"Power_factor,Va_rollstd,dIa_dt,is_zero_Iref,Ia_rollstd,dVa_dt,dVb_dt",ibm_brisbane,2025-06-22T12:45:49.768785,143.12543511390686,33.74720573425293,200.13945817947388
"{'k': 7, 'lambda': 1.0, 'mu': 0.5, 'gamma': 0.15}",39.69252009842838,0.8986875,0.8846051812211781,"Power_factor,Va_rollstd,dIa_dt,is_zero_Iref,Ia_rollstd,dVa_dt,dVb_dt",ibm_sherbrooke,2025-06-22T12:53:27.948785,301.47484946250916,132.15450263023376,458.1745254993439
"{'k': 7, 'lambda': 1.0, 'mu': 0.7, 'gamma': 0.05}",13.478569570381989,0.8986875,0.8846051812211781,"Power_factor,Va_rollstd,dIa_dt,is_zero_Iref,Ia_rollstd,dVa_dt,dVb_dt",ibm_sherbrooke,2025-06-22T13:17:53.025740,1360.4415309429169,74.50553965568542,1465.0656180381775
"{'k': 7, 'lambda': 1.0, 'mu': 0.7, 'gamma': 0.1}",26.7766665813269,0.8986875,0.8846051812211781,"Power_factor,Va_rollstd,dIa_dt,is_zero_Iref,Ia_rollstd,dVa_dt,dVb_dt",ibm_sherbrooke,2025-06-22T13:21:24.404913,82.94978737831116,77.52113127708435,211.3677682876587
"{'k': 7, 'lambda': 1.0, 'mu': 0.7, 'gamma': 0.15}",35.48868739544058,0.8986875,0.8846051812211781,"Power_factor,Va_rollstd,dIa_dt,is_zero_Iref,Ia_rollstd,dVa_dt,dVb_dt",ibm_brisbane,2025-06-22T17:51:45.534422,156.98185563087463,76.02698612213135,250.67348980903625
"{'k': 7, 'lambda': 1.5, 'mu': 0.3, 'gamma': 0.05}",13.290042364152793,0.8986875,0.8846051812211781,"Power_factor,Va_rollstd,dIa_dt,is_zero_Iref,Ia_rollstd,dVa_dt,dVb_dt",ibm_sherbrooke,2025-06-22T17:56:10.259091,172.5392289161682,76.00418138504028,264.71793365478516
"{'k': 7, 'lambda': 1.5, 'mu': 0.3, 'gamma': 0.1}",26.387123381433884,0.8986875,0.8846051812211781,"Power_factor,Va_rollstd,dIa_dt,is_zero_Iref,Ia_rollstd,dVa_dt,dVb_dt",ibm_sherbrooke,2025-06-22T18:00:42.347568,176.86135935783386,74.07309436798096,272.0817964076996
"{'k': 7, 'lambda': 1.5, 'mu': 0.3, 'gamma': 0.15}",39.53136909776184,0.8986875,0.8846051812211781,"Power_factor,Va_rollstd,dIa_dt,is_zero_Iref,Ia_rollstd,dVa_dt,dVb_dt",ibm_sherbrooke,2025-06-22T18:06:32.883724,248.2752285003662,77.49430227279663,350.53016328811646
"{'k': 7, 'lambda': 1.5, 'mu': 0.5, 'gamma': 0.05}",12.185137285305691,0.8986875,0.8846051812211781,"Power_factor,Va_rollstd,dIa_dt,is_zero_Iref,Ia_rollstd,dVa_dt,dVb_dt",ibm_brisbane,2025-06-22T18:10:34.683939,149.47807717323303,72.98026776313782,241.79320740699768
"{'k': 7, 'lambda': 1.5, 'mu': 0.5, 'gamma': 0.1}",23.03031971355003,0.8986875,0.8846051812211781,"Power_factor,Va_rollstd,dIa_dt,is_zero_Iref,Ia_rollstd,dVa_dt,dVb_dt",ibm_brisbane,2025-06-22T18:14:44.414549,148.61623334884644,77.90986108779907,249.72274136543274
"{'k': 7, 'lambda': 1.5, 'mu': 0.5, 'gamma': 0.15}",39.616477891292654,0.8986875,0.8846051812211781,"Power_factor,Va_rollstd,dIa_dt,is_zero_Iref,Ia_rollstd,dVa_dt,dVb_dt",ibm_sherbrooke,2025-06-22T18:19:05.839494,166.04016852378845,71.7235734462738,261.4143183231354
"{'k': 7, 'lambda': 1.5, 'mu': 0.7, 'gamma': 0.05}",11.944406936624587,0.8986875,0.8846051812211781,"Power_factor,Va_rollstd,dIa_dt,is_zero_Iref,Ia_rollstd,dVa_dt,dVb_dt",ibm_brisbane,2025-06-23T23:03:15.815942,153.41707801818848,121.98359632492065,291.8276512622833
"{'k': 7, 'lambda': 1.5, 'mu': 0.7, 'gamma': 0.1}",24.070148737126438,0.8986875,0.8846051812211781,"Power_factor,Va_rollstd,dIa_dt,is_zero_Iref,Ia_rollstd,dVa_dt,dVb_dt",ibm_brisbane,2025-06-23T23:11:25.204740,386.22978687286377,79.90490746498108,489.3764748573303
"{'k': 7, 'lambda': 1.5, 'mu': 0.7, 'gamma': 0.15}",36.363994024518256,0.8986875,0.8846051812211781,"Power_factor,Va_rollstd,dIa_dt,is_zero_Iref,Ia_rollstd,dVa_dt,dVb_dt",ibm_brisbane,2025-06-23T23:15:47.172117,145.08611226081848,90.78297567367554,261.9570188522339
"{'k': 8, 'lambda': 0.5, 'mu': 0.3, 'gamma': 0.05}",9.717491211343694,0.882125,0.886742678675934,"Power_factor,Va_rollstd,dIa_dt,is_zero_Iref,Ia_rollstd,dVa_dt,dVb_dt,Ic_rollstd",ibm_brisbane,2025-06-23T23:20:35.859235,144.9905276298523,118.55051493644714,288.67772698402405
"{'k': 8, 'lambda': 0.5, 'mu': 0.3, 'gamma': 0.1}",19.23054457711308,0.882125,0.886742678675934,"Power_factor,Va_rollstd,dIa_dt,is_zero_Iref,Ia_rollstd,dVa_dt,dVb_dt,Ic_rollstd",ibm_brisbane,2025-06-23T23:25:22.208408,150.7019910812378,109.46891117095947,286.3412387371063
"{'k': 8, 'lambda': 0.5, 'mu': 0.3, 'gamma': 0.15}",28.451479402849152,0.882125,0.886742678675934,"Power_factor,Va_rollstd,dIa_dt,is_zero_Iref,Ia_rollstd,dVa_dt,dVb_dt,Ic_rollstd",ibm_brisbane,2025-06-23T23:30:42.998416,185.5449914932251,110.3549370765686,320.7787444591522
"{'k': 8, 'lambda': 0.5, 'mu': 0.5, 'gamma': 0.05}",9.754154180042466,0.882125,0.886742678675934,"Power_factor,Va_rollstd,dIa_dt,is_zero_Iref,Ia_rollstd,dVa_dt,dVb_dt,Ic_rollstd",ibm_brisbane,2025-06-23T23:35:15.496599,147.37546467781067,100.73648405075073,272.48777532577515
"{'k': 8, 'lambda': 0.5, 'mu': 0.5, 'gamma': 0.1}",19.427366272125848,0.882125,0.886742678675934,"Power_factor,Va_rollstd,dIa_dt,is_zero_Iref,Ia_rollstd,dVa_dt,dVb_dt,Ic_rollstd",ibm_brisbane,2025-06-23T23:47:33.358841,607.3300671577454,106.42340850830078,737.8518743515015
"{'k': 8, 'lambda': 0.5, 'mu': 0.5, 'gamma': 0.15}",28.98302826670198,0.882125,0.886742678675934,"Power_factor,Va_rollstd,dIa_dt,is_zero_Iref,Ia_rollstd,dVa_dt,dVb_dt,Ic_rollstd",ibm_brisbane,2025-06-27T12:18:03.093016,476.61602330207825,55.16667699813843,549.1757578849792
"{'k': 8, 'lambda': 0.5, 'mu': 0.7, 'gamma': 0.05}",9.624512373264421,0.882125,0.886742678675934,"Power_factor,Va_rollstd,dIa_dt,is_zero_Iref,Ia_rollstd,dVa_dt,dVb_dt,Ic_rollstd",ibm_brisbane,2025-06-27T12:24:26.922706,297.139906167984,60.67842626571655,383.8226697444916
"{'k': 8, 'lambda': 0.5, 'mu': 0.7, 'gamma': 0.1}",19.500719683124554,0.882125,0.886742678675934,"Power_factor,Va_rollstd,dIa_dt,is_zero_Iref,Ia_rollstd,dVa_dt,dVb_dt,Ic_rollstd",ibm_brisbane,2025-06-27T12:30:52.144818,306.73657512664795,52.32768154144287,385.21457409858704
"{'k': 8, 'lambda': 0.5, 'mu': 0.7, 'gamma': 0.15}",28.669777268496606,0.882125,0.886742678675934,"Power_factor,Va_rollstd,dIa_dt,is_zero_Iref,Ia_rollstd,dVa_dt,dVb_dt,Ic_rollstd",ibm_brisbane,2025-06-27T12:37:00.466182,294.28104853630066,49.137596130371094,368.3158345222473
"{'k': 8, 'lambda': 1.0, 'mu': 0.3, 'gamma': 0.05}",9.645523455950237,0.882125,0.886742678675934,"Power_factor,Va_rollstd,dIa_dt,is_zero_Iref,Ia_rollstd,dVa_dt,dVb_dt,Ic_rollstd",ibm_brisbane,2025-06-27T12:43:41.776641,329.06512475013733,48.520822525024414,401.30445170402527
"{'k': 8, 'lambda': 1.0, 'mu': 0.3, 'gamma': 0.1}",19.707867189248976,0.882125,0.886742678675934,"Power_factor,Va_rollstd,dIa_dt,is_zero_Iref,Ia_rollstd,dVa_dt,dVb_dt,Ic_rollstd",ibm_brisbane,2025-06-27T12:51:10.036758,376.852552652359,48.73206901550293,448.2520868778229
"{'k': 8, 'lambda': 1.0, 'mu': 0.3, 'gamma': 0.15}",31.762655251599398,0.882125,0.886742678675934,"Power_factor,Va_rollstd,dIa_dt,is_zero_Iref,Ia_rollstd,dVa_dt,dVb_dt,Ic_rollstd",ibm_sherbrooke,2025-06-27T12:58:22.288018,367.42469477653503,49.15020680427551,432.2437512874603
"{'k': 8, 'lambda': 1.0, 'mu': 0.5, 'gamma': 0.05}",10.94023320500853,0.882125,0.886742678675934,"Power_factor,Va_rollstd,dIa_dt,is_zero_Iref,Ia_rollstd,dVa_dt,dVb_dt,Ic_rollstd",ibm_sherbrooke,2025-06-27T13:10:05.893172,633.1757147312164,49.62593054771423,703.5996272563934
"{'k': 8, 'lambda': 1.0, 'mu': 0.5, 'gamma': 0.1}",21.24457737641771,0.882125,0.886742678675934,"Power_factor,Va_rollstd,dIa_dt,is_zero_Iref,Ia_rollstd,dVa_dt,dVb_dt,Ic_rollstd",ibm_sherbrooke,2025-06-27T13:27:55.841339,395.4519462585449,74.85325717926025,488.374849319458
"{'k': 8, 'lambda': 1.0, 'mu': 0.5, 'gamma': 0.15}",32.01334851628638,0.882125,0.886742678675934,"Power_factor,Va_rollstd,dIa_dt,is_zero_Iref,Ia_rollstd,dVa_dt,dVb_dt,Ic_rollstd",ibm_sherbrooke,2025-06-27T13:31:39.374774,163.0703341960907,38.49922513961792,223.51759719848633
"{'k': 8, 'lambda': 1.0, 'mu': 0.7, 'gamma': 0.05}",10.612450518348071,0.882125,0.886742678675934,"Power_factor,Va_rollstd,dIa_dt,is_zero_Iref,Ia_rollstd,dVa_dt,dVb_dt,Ic_rollstd",ibm_sherbrooke,2025-06-27T13:35:20.703341,143.95697784423828,52.40467023849487,221.32394003868103
"{'k': 8, 'lambda': 1.0, 'mu': 0.7, 'gamma': 0.1}",21.23625618550209,0.882125,0.886742678675934,"Power_factor,Va_rollstd,dIa_dt,is_zero_Iref,Ia_rollstd,dVa_dt,dVb_dt,Ic_rollstd",ibm_sherbrooke,2025-06-27T13:38:53.970125,149.49050760269165,38.68978142738342,213.2606201171875
"{'k': 8, 'lambda': 1.0, 'mu': 0.7, 'gamma': 0.15}",31.908408557622376,0.882125,0.886742678675934,"Power_factor,Va_rollstd,dIa_dt,is_zero_Iref,Ia_rollstd,dVa_dt,dVb_dt,Ic_rollstd",ibm_sherbrooke,2025-06-27T13:42:16.794506,142.10700058937073,38.14685034751892,202.82037568092346
"{'k': 8, 'lambda': 1.5, 'mu': 0.3, 'gamma': 0.05}",10.45052006166135,0.882125,0.886742678675934,"Power_factor,Va_rollstd,dIa_dt,is_zero_Iref,Ia_rollstd,dVa_dt,dVb_dt,Ic_rollstd",ibm_sherbrooke,2025-06-27T13:49:05.554733,324.52611327171326,62.88921403884888,408.7562277317047
"{'k': 8, 'lambda': 1.5, 'mu': 0.3, 'gamma': 0.1}",21.263555787034942,0.882125,0.886742678675934,"Power_factor,Va_rollstd,dIa_dt,is_zero_Iref,Ia_rollstd,dVa_dt,dVb_dt,Ic_rollstd",ibm_sherbrooke,2025-06-27T13:53:17.322628,146.07045984268188,81.06314373016357,251.7594916820526
"{'k': 8, 'lambda': 1.5, 'mu': 0.3, 'gamma': 0.15}",31.795605250309514,0.882125,0.886742678675934,"Power_factor,Va_rollstd,dIa_dt,is_zero_Iref,Ia_rollstd,dVa_dt,dVb_dt,Ic_rollstd",ibm_sherbrooke,2025-06-27T14:01:19.899789,395.9993188381195,63.7511420249939,482.5637414455414
"{'k': 8, 'lambda': 1.5, 'mu': 0.5, 'gamma': 0.05}",9.703259913853866,0.882125,0.886742678675934,"Power_factor,Va_rollstd,dIa_dt,is_zero_Iref,Ia_rollstd,dVa_dt,dVb_dt,Ic_rollstd",ibm_brisbane,2025-06-27T14:26:30.287771,485.5230333805084,47.53955125808716,548.5003523826599
"{'k': 8, 'lambda': 1.5, 'mu': 0.5, 'gamma': 0.1}",21.310314931216304,0.882125,0.886742678675934,"Power_factor,Va_rollstd,dIa_dt,is_zero_Iref,Ia_rollstd,dVa_dt,dVb_dt,Ic_rollstd",ibm_sherbrooke,2025-06-27T14:31:42.410955,257.54420137405396,38.28007650375366,312.11774945259094
"{'k': 8, 'lambda': 1.5, 'mu': 0.5, 'gamma': 0.15}",31.8606676471757,0.882125,0.886742678675934,"Power_factor,Va_rollstd,dIa_dt,is_zero_Iref,Ia_rollstd,dVa_dt,dVb_dt,Ic_rollstd",ibm_sherbrooke,2025-06-27T14:35:54.980478,175.99453592300415,56.07389712333679,252.5630805492401
"{'k': 8, 'lambda': 1.5, 'mu': 0.7, 'gamma': 0.05}",10.645409577755693,0.882125,0.886742678675934,"Power_factor,Va_rollstd,dIa_dt,is_zero_Iref,Ia_rollstd,dVa_dt,dVb_dt,Ic_rollstd",ibm_sherbrooke,2025-06-27T14:40:21.334851,185.7264518737793,57.76301908493042,266.3494429588318
"{'k': 8, 'lambda': 1.5, 'mu': 0.7, 'gamma': 0.1}",21.34425252752507,0.882125,0.886742678675934,"Power_factor,Va_rollstd,dIa_dt,is_zero_Iref,Ia_rollstd,dVa_dt,dVb_dt,Ic_rollstd",ibm_sherbrooke,2025-06-27T14:44:01.326617,146.96538376808167,50.126282930374146,219.98634123802185
"{'k': 8, 'lambda': 1.5, 'mu': 0.7, 'gamma': 0.15}",31.80322056922453,0.882125,0.886742678675934,"Power_factor,Va_rollstd,dIa_dt,is_zero_Iref,Ia_rollstd,dVa_dt,dVb_dt,Ic_rollstd",ibm_sherbrooke,2025-06-27T14:47:19.434855,138.56518363952637,37.635420083999634,198.10334134101868
"{'k': 9, 'lambda': 0.5, 'mu': 0.3, 'gamma': 0.05}",8.23399841255061,0.965625,0.9645450007111901,"Power_factor,Va_rollstd,dIa_dt,is_zero_Iref,Ia_rollstd,dVa_dt,dVb_dt,Ic_rollstd,Power_VcIc",ibm_sherbrooke,2025-06-27T14:50:41.360083,140.7902398109436,38.11114811897278,201.91978240013123
"{'k': 9, 'lambda': 0.5, 'mu': 0.3, 'gamma': 0.1}",16.31639750744631,0.965625,0.9645450007111901,"Power_factor,Va_rollstd,dIa_dt,is_zero_Iref,Ia_rollstd,dVa_dt,dVb_dt,Ic_rollstd,Power_VcIc",ibm_sherbrooke,2025-06-27T15:01:18.754259,144.89533591270447,31.594037532806396,192.3391923904419
"{'k': 9, 'lambda': 0.5, 'mu': 0.3, 'gamma': 0.15}",24.460991140944692,0.965625,0.9645450007111901,"Power_factor,Va_rollstd,dIa_dt,is_zero_Iref,Ia_rollstd,dVa_dt,dVb_dt,Ic_rollstd,Power_VcIc",ibm_sherbrooke,2025-06-27T15:04:50.586091,150.0793924331665,42.36907076835632,211.82631993293762
"{'k': 9, 'lambda': 0.5, 'mu': 0.5, 'gamma': 0.05}",8.246427426356867,0.965625,0.9645450007111901,"Power_factor,Va_rollstd,dIa_dt,is_zero_Iref,Ia_rollstd,dVa_dt,dVb_dt,Ic_rollstd,Power_VcIc",ibm_sherbrooke,2025-06-27T15:08:42.962159,159.3880431652069,49.11527156829834,232.37021565437317
"{'k': 9, 'lambda': 0.5, 'mu': 0.5, 'gamma': 0.1}",16.340162778443837,0.965625,0.9645450007111901,"Power_factor,Va_rollstd,dIa_dt,is_zero_Iref,Ia_rollstd,dVa_dt,dVb_dt,Ic_rollstd,Power_VcIc",ibm_sherbrooke,2025-06-27T15:12:33.629851,145.47797346115112,61.235750675201416,230.66119980812073
"{'k': 9, 'lambda': 0.5, 'mu': 0.5, 'gamma': 0.15}",24.581290700661498,0.965625,0.9645450007111901,"Power_factor,Va_rollstd,dIa_dt,is_zero_Iref,Ia_rollstd,dVa_dt,dVb_dt,Ic_rollstd,Power_VcIc",ibm_sherbrooke,2025-06-27T15:17:11.541952,192.0343372821808,59.653749227523804,277.8996322154999
"{'k': 9, 'lambda': 0.5, 'mu': 0.7, 'gamma': 0.05}",8.26995231861125,0.965625,0.9645450007111901,"Power_factor,Va_rollstd,dIa_dt,is_zero_Iref,Ia_rollstd,dVa_dt,dVb_dt,Ic_rollstd,Power_VcIc",ibm_sherbrooke,2025-06-27T15:20:59.448429,143.52661657333374,62.69780874252319,227.8968870639801
"{'k': 9, 'lambda': 0.5, 'mu': 0.7, 'gamma': 0.1}",16.401252619325522,0.965625,0.9645450007111901,"Power_factor,Va_rollstd,dIa_dt,is_zero_Iref,Ia_rollstd,dVa_dt,dVb_dt,Ic_rollstd,Power_VcIc",ibm_sherbrooke,2025-06-27T15:24:39.741781,140.7417347431183,55.52960014343262,220.28158235549927
"{'k': 9, 'lambda': 0.5, 'mu': 0.7, 'gamma': 0.15}",24.658463730202094,0.965625,0.9645450007111901,"Power_factor,Va_rollstd,dIa_dt,is_zero_Iref,Ia_rollstd,dVa_dt,dVb_dt,Ic_rollstd,Power_VcIc",ibm_sherbrooke,2025-06-27T15:33:02.062670,188.9781527519226,30.920203685760498,235.6715953350067
"{'k': 9, 'lambda': 1.0, 'mu': 0.3, 'gamma': 0.05}",7.401903148438833,0.965625,0.9645450007111901,"Power_factor,Va_rollstd,dIa_dt,is_zero_Iref,Ia_rollstd,dVa_dt,dVb_dt,Ic_rollstd,Power_VcIc",ibm_brisbane,2025-06-27T15:36:31.130771,151.21846747398376,41.35731220245361,209.06170535087585
"{'k': 9, 'lambda': 1.0, 'mu': 0.3, 'gamma': 0.1}",14.614305985516705,0.965625,0.9645450007111901,"Power_factor,Va_rollstd,dIa_dt,is_zero_Iref,Ia_rollstd,dVa_dt,dVb_dt,Ic_rollstd,Power_VcIc",ibm_brisbane,2025-06-27T15:41:18.759837,226.41244983673096,40.85325503349304,287.6241502761841
"{'k': 9, 'lambda': 1.0, 'mu': 0.3, 'gamma': 0.15}",21.94094200684479,0.965625,0.9645450007111901,"Power_factor,Va_rollstd,dIa_dt,is_zero_Iref,Ia_rollstd,dVa_dt,dVb_dt,Ic_rollstd,Power_VcIc",ibm_brisbane,2025-06-27T15:45:58.761038,214.4537239074707,42.28681492805481,279.99376153945923
"{'k': 9, 'lambda': 1.0, 'mu': 0.5, 'gamma': 0.05}",7.327183784395616,0.965625,0.9645450007111901,"Power_factor,Va_rollstd,dIa_dt,is_zero_Iref,Ia_rollstd,dVa_dt,dVb_dt,Ic_rollstd,Power_VcIc",ibm_brisbane,2025-06-27T15:49:56.981432,173.6382360458374,40.91571092605591,238.21291089057922
"{'k': 9, 'lambda': 1.0, 'mu': 0.5, 'gamma': 0.1}",14.448024634895274,0.965625,0.9645450007111901,"Power_factor,Va_rollstd,dIa_dt,is_zero_Iref,Ia_rollstd,dVa_dt,dVb_dt,Ic_rollstd,Power_VcIc",ibm_brisbane,2025-06-27T15:55:28.412025,267.1019380092621,41.05883002281189,331.4231610298157
"{'k': 9, 'lambda': 1.0, 'mu': 0.5, 'gamma': 0.15}",24.591389022871837,0.965625,0.9645450007111901,"Power_factor,Va_rollstd,dIa_dt,is_zero_Iref,Ia_rollstd,dVa_dt,dVb_dt,Ic_rollstd,Power_VcIc",ibm_sherbrooke,2025-06-27T15:59:03.109717,151.8554060459137,42.84221410751343,214.6917848587036
"{'k': 9, 'lambda': 1.0, 'mu': 0.7, 'gamma': 0.05}",7.5239671295977075,0.965625,0.9645450007111901,"Power_factor,Va_rollstd,dIa_dt,is_zero_Iref,Ia_rollstd,dVa_dt,dVb_dt,Ic_rollstd,Power_VcIc",ibm_brisbane,2025-06-27T16:07:01.716036,412.47461104393005,43.07391309738159,478.59886145591736
"{'k': 9, 'lambda': 1.0, 'mu': 0.7, 'gamma': 0.1}",15.134410678131854,0.965625,0.9645450007111901,"Power_factor,Va_rollstd,dIa_dt,is_zero_Iref,Ia_rollstd,dVa_dt,dVb_dt,Ic_rollstd,Power_VcIc",ibm_brisbane,2025-06-27T16:23:25.971067,222.40053033828735,30.87530827522278,269.6990690231323
"{'k': 9, 'lambda': 1.0, 'mu': 0.7, 'gamma': 0.15}",22.230483543746733,0.965625,0.9645450007111901,"Power_factor,Va_rollstd,dIa_dt,is_zero_Iref,Ia_rollstd,dVa_dt,dVb_dt,Ic_rollstd,Power_VcIc",ibm_brisbane,2025-06-27T16:27:20.980285,170.36602306365967,42.42566251754761,235.0017285346985
"{'k': 9, 'lambda': 1.5, 'mu': 0.3, 'gamma': 0.05}",7.36053549435377,0.965625,0.9645450007111901,"Power_factor,Va_rollstd,dIa_dt,is_zero_Iref,Ia_rollstd,dVa_dt,dVb_dt,Ic_rollstd,Power_VcIc",ibm_brisbane,2025-06-27T16:31:00.789394,154.83401775360107,41.95377206802368,219.8027102947235
"{'k': 9, 'lambda': 1.5, 'mu': 0.3, 'gamma': 0.1}",14.48963263510439,0.965625,0.9645450007111901,"Power_factor,Va_rollstd,dIa_dt,is_zero_Iref,Ia_rollstd,dVa_dt,dVb_dt,Ic_rollstd,Power_VcIc",ibm_brisbane,2025-06-27T16:36:36.531375,269.78986167907715,42.429518699645996,335.73360562324524
"{'k': 9, 'lambda': 1.5, 'mu': 0.3, 'gamma': 0.15}",22.065810629703666,0.965625,0.9645450007111901,"Power_factor,Va_rollstd,dIa_dt,is_zero_Iref,Ia_rollstd,dVa_dt,dVb_dt,Ic_rollstd,Power_VcIc",ibm_brisbane,2025-06-27T16:43:21.574966,338.21871423721313,42.65616297721863,405.0357789993286
"{'k': 9, 'lambda': 1.5, 'mu': 0.5, 'gamma': 0.05}",7.216340281915854,0.965625,0.9645450007111901,"Power_factor,Va_rollstd,dIa_dt,is_zero_Iref,Ia_rollstd,dVa_dt,dVb_dt,Ic_rollstd,Power_VcIc",ibm_brisbane,2025-06-27T16:46:50.886836,142.10964226722717,42.56186842918396,209.30250144004822
"{'k': 9, 'lambda': 1.5, 'mu': 0.5, 'gamma': 0.1}",14.23630298476783,0.965625,0.9645450007111901,"Power_factor,Va_rollstd,dIa_dt,is_zero_Iref,Ia_rollstd,dVa_dt,dVb_dt,Ic_rollstd,Power_VcIc",ibm_brisbane,2025-06-27T16:50:49.627826,161.9740481376648,51.32270550727844,238.73355960845947
"{'k': 9, 'lambda': 1.5, 'mu': 0.5, 'gamma': 0.15}",21.315627010722295,0.965625,0.9645450007111901,"Power_factor,Va_rollstd,dIa_dt,is_zero_Iref,Ia_rollstd,dVa_dt,dVb_dt,Ic_rollstd,Power_VcIc",ibm_brisbane,2025-06-27T16:56:23.126432,155.6933069229126,30.38232421875,204.0977659225464
"{'k': 9, 'lambda': 1.5, 'mu': 0.7, 'gamma': 0.05}",7.177874981622076,0.965625,0.9645450007111901,"Power_factor,Va_rollstd,dIa_dt,is_zero_Iref,Ia_rollstd,dVa_dt,dVb_dt,Ic_rollstd,Power_VcIc",ibm_brisbane,2025-06-27T17:00:50.702079,205.86464428901672,42.37909746170044,267.5682518482208
"{'k': 9, 'lambda': 1.5, 'mu': 0.7, 'gamma': 0.1}",14.407833424779525,0.965625,0.9645450007111901,"Power_factor,Va_rollstd,dIa_dt,is_zero_Iref,Ia_rollstd,dVa_dt,dVb_dt,Ic_rollstd,Power_VcIc",ibm_brisbane,2025-06-27T17:04:15.269768,142.40463018417358,39.556013107299805,204.55885124206543
"{'k': 9, 'lambda': 1.5, 'mu': 0.7, 'gamma': 0.15}",21.518894688556777,0.965625,0.9645450007111901,"Power_factor,Va_rollstd,dIa_dt,is_zero_Iref,Ia_rollstd,dVa_dt,dVb_dt,Ic_rollstd,Power_VcIc",ibm_brisbane,2025-06-27T17:07:29.652674,141.64386701583862,30.736328601837158,194.376455783844
"{'k': 10, 'lambda': 0.5, 'mu': 0.3, 'gamma': 0.05}",4.822364339667167,0.9730625,0.9723817976434654,"Power_factor,Va_rollstd,dIa_dt,is_zero_Iref,Ia_rollstd,dVa_dt,dVb_dt,Ic_rollstd,Power_VcIc,Vb_rollstd",ibm_brisbane,2025-06-27T17:11:17.509290,153.43706607818604,50.941834926605225,227.85076808929443
"{'k': 10, 'lambda': 0.5, 'mu': 0.3, 'gamma': 0.1}",10.005626009786582,0.9730625,0.9723817976434654,"Power_factor,Va_rollstd,dIa_dt,is_zero_Iref,Ia_rollstd,dVa_dt,dVb_dt,Ic_rollstd,Power_VcIc,Vb_rollstd",ibm_brisbane,2025-06-27T18:06:55.366175,140.69991445541382,50.72477459907532,220.31956911087036
"{'k': 10, 'lambda': 0.5, 'mu': 0.3, 'gamma': 0.15}",14.29420045454476,0.9730625,0.9723817976434654,"Power_factor,Va_rollstd,dIa_dt,is_zero_Iref,Ia_rollstd,dVa_dt,dVb_dt,Ic_rollstd,Power_VcIc,Vb_rollstd",ibm_brisbane,2025-06-27T18:10:38.742670,146.41717529296875,51.87428545951843,223.36964416503906
"{'k': 10, 'lambda': 0.5, 'mu': 0.5, 'gamma': 0.05}",5.000241148762673,0.9730625,0.9723817976434654,"Power_factor,Va_rollstd,dIa_dt,is_zero_Iref,Ia_rollstd,dVa_dt,dVb_dt,Ic_rollstd,Power_VcIc,Vb_rollstd",ibm_brisbane,2025-06-27T18:21:00.187553,469.2599971294403,36.02351427078247,521.9263579845428
"{'k': 10, 'lambda': 0.5, 'mu': 0.5, 'gamma': 0.1}",9.765386003670102,0.9730625,0.9723817976434654,"Power_factor,Va_rollstd,dIa_dt,is_zero_Iref,Ia_rollstd,dVa_dt,dVb_dt,Ic_rollstd,Power_VcIc,Vb_rollstd",ibm_brisbane,2025-06-27T18:26:06.084883,249.0746042728424,36.56459140777588,305.8893315792084
"{'k': 10, 'lambda': 0.5, 'mu': 0.5, 'gamma': 0.15}",15.036284617096944,0.9730625,0.9723817976434654,"Power_factor,Va_rollstd,dIa_dt,is_zero_Iref,Ia_rollstd,dVa_dt,dVb_dt,Ic_rollstd,Power_VcIc,Vb_rollstd",ibm_brisbane,2025-06-27T18:31:12.576674,248.419171333313,35.21749448776245,306.48478984832764
"{'k': 10, 'lambda': 0.5, 'mu': 0.7, 'gamma': 0.05}",5.022030137216437,0.9730625,0.9723817976434654,"Power_factor,Va_rollstd,dIa_dt,is_zero_Iref,Ia_rollstd,dVa_dt,dVb_dt,Ic_rollstd,Power_VcIc,Vb_rollstd",ibm_brisbane,2025-06-27T18:38:13.355917,350.1043174266815,49.11334729194641,420.76999521255493
"{'k': 10, 'lambda': 0.5, 'mu': 0.7, 'gamma': 0.1}",9.357050772404463,0.9730625,0.9723817976434654,"Power_factor,Va_rollstd,dIa_dt,is_zero_Iref,Ia_rollstd,dVa_dt,dVb_dt,Ic_rollstd,Power_VcIc,Vb_rollstd",ibm_brisbane,2025-06-27T18:42:44.945705,197.27144265174866,50.6098849773407,271.5837867259979
"{'k': 10, 'lambda': 0.5, 'mu': 0.7, 'gamma': 0.15}",14.369145343966467,0.9730625,0.9723817976434654,"Power_factor,Va_rollstd,dIa_dt,is_zero_Iref,Ia_rollstd,dVa_dt,dVb_dt,Ic_rollstd,Power_VcIc,Vb_rollstd",ibm_brisbane,2025-06-27T18:46:23.575809,145.4033374786377,50.599733114242554,218.6241102218628
"{'k': 10, 'lambda': 1.0, 'mu': 0.3, 'gamma': 0.05}",4.628543453696555,0.9730625,0.9723817976434654,"Power_factor,Va_rollstd,dIa_dt,is_zero_Iref,Ia_rollstd,dVa_dt,dVb_dt,Ic_rollstd,Power_VcIc,Vb_rollstd",ibm_brisbane,2025-06-27T18:50:50.990040,143.6213128566742,38.646047592163086,199.78207731246948
"{'k': 10, 'lambda': 1.0, 'mu': 0.3, 'gamma': 0.1}",9.47607321951587,0.9730625,0.9723817976434654,"Power_factor,Va_rollstd,dIa_dt,is_zero_Iref,Ia_rollstd,dVa_dt,dVb_dt,Ic_rollstd,Power_VcIc,Vb_rollstd",ibm_brisbane,2025-06-27T18:55:57.180006,237.43954157829285,47.671584367752075,306.1819598674774
"{'k': 10, 'lambda': 1.0, 'mu': 0.3, 'gamma': 0.15}",17.29708076169348,0.9730625,0.9723817976434654,"Power_factor,Va_rollstd,dIa_dt,is_zero_Iref,Ia_rollstd,dVa_dt,dVb_dt,Ic_rollstd,Power_VcIc,Vb_rollstd",ibm_sherbrooke,2025-06-27T19:01:44.259820,280.23217034339905,50.54666209220886,347.07257652282715
"{'k': 10, 'lambda': 1.0, 'mu': 0.5, 'gamma': 0.05}",4.659957213199199,0.9730625,0.9723817976434654,"Power_factor,Va_rollstd,dIa_dt,is_zero_Iref,Ia_rollstd,dVa_dt,dVb_dt,Ic_rollstd,Power_VcIc,Vb_rollstd",ibm_brisbane,2025-06-27T19:05:13.504874,138.0225784778595,46.80611729621887,209.2377905845642
"{'k': 10, 'lambda': 1.0, 'mu': 0.5, 'gamma': 0.1}",9.7545605073223,0.9730625,0.9723817976434654,"Power_factor,Va_rollstd,dIa_dt,is_zero_Iref,Ia_rollstd,dVa_dt,dVb_dt,Ic_rollstd,Power_VcIc,Vb_rollstd",ibm_brisbane,2025-06-27T19:23:12.736077,1008.9348826408386,48.45683026313782,1079.2222075462341
"{'k': 10, 'lambda': 1.0, 'mu': 0.5, 'gamma': 0.15}",17.230145366663514,0.9730625,0.9723817976434654,"Power_factor,Va_rollstd,dIa_dt,is_zero_Iref,Ia_rollstd,dVa_dt,dVb_dt,Ic_rollstd,Power_VcIc,Vb_rollstd",ibm_sherbrooke,2025-06-27T19:26:42.681558,138.40832328796387,50.05742883682251,209.9384891986847
"{'k': 10, 'lambda': 1.0, 'mu': 0.7, 'gamma': 0.05}",5.877902239825184,0.9730625,0.9723817976434654,"Power_factor,Va_rollstd,dIa_dt,is_zero_Iref,Ia_rollstd,dVa_dt,dVb_dt,Ic_rollstd,Power_VcIc,Vb_rollstd",ibm_sherbrooke,2025-06-27T19:30:07.147607,140.41967916488647,41.43700647354126,204.4578082561493
"{'k': 10, 'lambda': 1.0, 'mu': 0.7, 'gamma': 0.1}",1000000.0,0.9730625,0.9723817976434654,"Power_factor,Va_rollstd,dIa_dt,is_zero_Iref,Ia_rollstd,dVa_dt,dVb_dt,Ic_rollstd,Power_VcIc,Vb_rollstd",ibm_sherbrooke,2025-06-27T19:46:23.920077,913.5761773586273,40.01951336860657,976.7664642333984
"{'k': 10, 'lambda': 1.0, 'mu': 0.7, 'gamma': 0.15}",1000000.0,0.9730625,0.9723817976434654,"Power_factor,Va_rollstd,dIa_dt,is_zero_Iref,Ia_rollstd,dVa_dt,dVb_dt,Ic_rollstd,Power_VcIc,Vb_rollstd",ibm_brisbane,2025-06-27T20:17:39.045363,1811.7660326957703,39.95879554748535,1875.1140582561493
"{'k': 10, 'lambda': 1.5, 'mu': 0.3, 'gamma': 0.05}",1000000.0,0.9730625,0.9723817976434654,"Power_factor,Va_rollstd,dIa_dt,is_zero_Iref,Ia_rollstd,dVa_dt,dVb_dt,Ic_rollstd,Power_VcIc,Vb_rollstd",ibm_brisbane,2025-06-27T20:48:51.514195,1811.194173336029,38.55967450141907,1872.4615268707275
"{'k': 10, 'lambda': 1.5, 'mu': 0.3, 'gamma': 0.1}",1000000.0,0.9730625,0.9723817976434654,"Power_factor,Va_rollstd,dIa_dt,is_zero_Iref,Ia_rollstd,dVa_dt,dVb_dt,Ic_rollstd,Power_VcIc,Vb_rollstd",ibm_brisbane,2025-06-27T21:20:03.869419,1811.2601737976074,39.57740783691406,1872.3452305793762
"{'k': 10, 'lambda': 1.5, 'mu': 0.3, 'gamma': 0.15}",1000000.0,0.9730625,0.9723817976434654,"Power_factor,Va_rollstd,dIa_dt,is_zero_Iref,Ia_rollstd,dVa_dt,dVb_dt,Ic_rollstd,Power_VcIc,Vb_rollstd",ibm_brisbane,2025-06-27T21:51:16.213599,1811.4933869838715,38.283864974975586,1872.3361797332764
"{'k': 10, 'lambda': 1.5, 'mu': 0.5, 'gamma': 0.05}",1000000.0,0.9730625,0.9723817976434654,"Power_factor,Va_rollstd,dIa_dt,is_zero_Iref,Ia_rollstd,dVa_dt,dVb_dt,Ic_rollstd,Power_VcIc,Vb_rollstd",ibm_brisbane,2025-06-27T22:22:31.129779,1812.3108246326447,39.622188568115234,1874.9081797599792
"{'k': 10, 'lambda': 1.5, 'mu': 0.5, 'gamma': 0.1}",1000000.0,0.9730625,0.9723817976434654,"Power_factor,Va_rollstd,dIa_dt,is_zero_Iref,Ia_rollstd,dVa_dt,dVb_dt,Ic_rollstd,Power_VcIc,Vb_rollstd",ibm_brisbane,2025-06-27T22:53:47.486334,1812.1182754039764,39.674203872680664,1876.348554611206
"{'k': 10, 'lambda': 1.5, 'mu': 0.5, 'gamma': 0.15}",1000000.0,0.9730625,0.9723817976434654,"Power_factor,Va_rollstd,dIa_dt,is_zero_Iref,Ia_rollstd,dVa_dt,dVb_dt,Ic_rollstd,Power_VcIc,Vb_rollstd",ibm_brisbane,2025-06-27T23:25:01.351573,1812.2265839576721,39.3355233669281,1873.8562281131744
"{'k': 10, 'lambda': 1.5, 'mu': 0.7, 'gamma': 0.05}",1000000.0,0.9730625,0.9723817976434654,"Power_factor,Va_rollstd,dIa_dt,is_zero_Iref,Ia_rollstd,dVa_dt,dVb_dt,Ic_rollstd,Power_VcIc,Vb_rollstd",ibm_brisbane,2025-06-27T23:56:16.268140,1813.0617380142212,40.73327350616455,1874.909574508667
"{'k': 10, 'lambda': 1.5, 'mu': 0.7, 'gamma': 0.1}",1000000.0,0.9730625,0.9723817976434654,"Power_factor,Va_rollstd,dIa_dt,is_zero_Iref,Ia_rollstd,dVa_dt,dVb_dt,Ic_rollstd,Power_VcIc,Vb_rollstd",ibm_brisbane,2025-06-28T00:27:29.519563,1811.5377666950226,39.12778902053833,1873.2450907230377
"{'k': 10, 'lambda': 1.5, 'mu': 0.7, 'gamma': 0.15}",14.929889577455418,0.9730625,0.9723817976434654,"Power_factor,Va_rollstd,dIa_dt,is_zero_Iref,Ia_rollstd,dVa_dt,dVb_dt,Ic_rollstd,Power_VcIc,Vb_rollstd",ibm_brisbane,2025-06-28T00:43:57.518253,227.55401968955994,43.58957242965698,287.7057285308838
